0,1,2,3,4,5,f(x),acquisition_value,mean,distance,BKS
-3.1322304627,3.4260698296,-1.2025245064,1.5877750331,-4.4215069839,2.3577321342,12.32434173074144,0.0,0.0,0.0,3.451158302500895
-4.8891761033,0.1108809289,-1.8930419948,-1.957539783,-1.2391212622,-3.5844710993,22.866865066722124,0.0,0.0,0.0,3.451158302500895
1.756346938,-1.9699149674,0.0097928863,-4.1296982882,4.617151863,-1.2578023918,12.981210554087198,0.0,0.0,0.0,3.451158302500895
4.1829058983,1.3657448963,-3.5280636403,4.0831975842,1.3776630731,3.2153501333,8.527166403250938,0.0,0.0,0.0,3.451158302500895
4.710006373,-0.3669704201,2.410556286,2.8044621217,3.8809114955,-4.6103883277,10.573004507707719,0.0,0.0,0.0,3.451158302500895
-1.1546630547,-0.9900762165,-2.4975608046,3.4324572171,3.1279098316,-1.4735872557,13.571401420963674,0.0,0.0,0.0,3.451158302500895
1.3281600377,2.2920153616,-0.5141360451,-4.3847201357,-0.3376940458,1.9157532324,3.451158302500895,0.0,0.0,0.0,3.451158302500895
-0.0595719271,4.4454861277,-4.0280024978,1.1061517942,-4.0691167015,-2.7479348354,8.690935526234766,0.0,0.0,0.0,3.451158302500895
2.4851020051,-2.3143630729,0.9663398108,4.6659866728,-2.29457001,0.4858878243,21.59820562539171,0.0,0.0,0.0,3.451158302500895
-3.8725392443,-4.2423207851,-4.8170423767,-1.226731413,0.2839981575,4.8206595814,13.596425542658324,0.0,0.0,0.0,3.451158302500895
3.2479100717,1.5923590796,3.4996565115,-0.6107384195,-1.6037861949,-3.2978821476,7.713124311102519,0.0,0.0,0.0,3.451158302500895
0.457097721,-3.3425806573,3.8350618335,-2.3906681526,-3.4192703308,3.9684620779,22.09259497093701,0.0,0.0,0.0,3.451158302500895
-2.5016882728,3.7346035353,1.9164265612,0.4440461796,2.2316102705,0.9089238549,10.341199046019645,0.0,0.0,0.0,3.451158302500895
-1.6662259161,-4.4511303169,4.8256460406,-3.2364187089,2.0382837299,-0.3621475414,21.069528418181726,0.0,0.0,0.0,3.451158302500895
0.8863251275541362,0.8874426528729829,0.09903531936792176,0.09120367710973398,0.9444834208966193,0.7027006301335214,0.2133108156736854,1.0,15.09224008651016,4.971075557085844,3.451158302500895
0.9192143679973952,0.04862357630529612,0.33504785820825633,0.4422100520954093,0.2604279338280091,0.4933620226069457,0.37477228065475965,0.0,18.332743335540048,5.621508539422084,3.451158302500895
0.9188604747241126,0.026871912771858852,0.0497417755588756,0.38311795589918596,0.5217645258253653,0.43256067679305354,0.36761419373949356,0.13419600660585668,17.957151111095705,5.593493401596595,3.451158302500895
0.9934198744690955,0.21248298147137745,0.21572641557508265,0.6971673948027197,0.39919714674177775,0.7039862406505061,0.3044266796115978,0.20817819105943142,17.73776437178144,5.565725718500581,3.451158302500895
0.9359848764992738,0.46907698371596374,0.06795026234256996,0.021295140522676115,0.47562583354967347,0.9798377370973038,0.3292985345387393,1.0,-0.42073692592681766,0.6928072035722216,0.2133108156736854
0.011413297500005637,0.8822163305976602,0.7415580223509612,0.17014204879399752,0.017606595040949746,0.9531807726760283,0.7984718214359297,0.0,1.692858870293084,1.4243056768341953,0.2133108156736854
0.15945989579085484,0.8263667743634926,0.844280362250931,0.5530504875316524,0.1237097450326613,0.9174007698791363,0.6442148030116643,0.021947597263285882,1.5069319647097759,1.2687124866738333,0.2133108156736854
0.478719820706511,0.8991614781462989,0.9949694347980831,0.8072737022687402,0.8959430383460454,0.6881836072210006,0.26054509009290283,0.07058442345701461,1.3893173897781006,1.2183187390216805,0.2133108156736854
0.9656842484843279,0.76917150805046,0.5421817265434488,0.4591820061070936,0.558703734625605,0.34908842753260216,0.2575653586391206,1.0,-0.19423485371314086,0.790744146484708,0.2133108156736854
0.06678369672778006,0.053862975449050166,0.9257370971796004,0.2002763164621384,0.006258887561791271,0.03420465526751604,0.934816650837566,0.0,1.1394849775301736,1.1872399092687729,0.2133108156736854
0.03741998539201785,0.18197373745406187,0.8734940971331454,0.1088445085466363,0.41563387554490505,0.10272786000858802,0.9328206576901588,0.17375652885627793,0.9611831378515774,1.1717868704862144,0.2133108156736854
0.6130514985752548,0.9424855449597545,0.11643002084798881,0.06021343647618238,0.0451379719299152,0.04725351921014209,0.529293508914914,0.9553419713186015,0.20465792727745225,1.147782348145151,0.2133108156736854
0.7068035512680486,0.6464309397073679,0.7835651763331067,0.7873399148195952,0.8803607015115811,0.9582129643238759,0.16917258642315078,0.8600372821844248,-0.012669585246857906,0.4838829326441564,0.2133108156736854
0.06840973911921278,0.9473881891858255,0.06120649521375354,0.9496919276006645,0.7801897111877402,0.020369539733788744,0.7727997971966919,0.0,1.0694990470425552,1.2107485419512043,0.2133108156736854
0.03870903895423372,0.7291369881441158,0.07074026745993323,0.7060932711820812,0.9011186385551577,0.06262312679411397,0.8266771574422136,0.19111198870544407,0.9388565939496267,1.1590592560311554,0.2133108156736854
0.028919090017406557,0.0308498504110708,0.29992153086542495,0.9344049268971972,0.8655974583330827,0.525089718199075,0.7796155023163945,1.0,0.5752961299574011,1.129670765301735,0.2133108156736854
0.6254065396735077,0.9665270837914205,0.2744327244164245,0.80378539054922,0.8516134895104008,0.6098408661352404,0.25857184665991156,1.0,0.04996315151309716,0.7005446761020028,0.16917258642315078
0.03577746084127764,0.40925504330864537,0.01151058863485277,0.03373566330290012,0.3825704349447281,0.5199179308754405,0.927816344034769,0.0,0.6138575720103461,0.9831386247178324,0.16917258642315078
0.06918755586991954,0.09336537985439763,0.18814370660037272,0.19913517248876833,0.13616864145538288,0.9952716194154857,0.9099094935482865,0.15257887522303873,0.5617390373948012,0.9739405997016646,0.16917258642315078
0.5084240756142321,0.7647954761317435,0.008060854899067715,0.9397057998898622,0.014978130581517424,0.35556694727050386,0.4573761825664537,0.5579651459558902,0.4283520764761164,0.9545889880343796,0.16917258642315078
0.7980574101804657,0.6258227943823984,0.6193159699650838,0.5378474752963083,0.9921980251503775,0.8048981719274168,0.1971992654122722,0.0,0.08329162051894379,0.36604542630417747,0.16917258642315078
0.6738283282958903,0.13899819494245447,0.886998294510726,0.905461275004378,0.5453228865668228,0.02619444885433131,0.3822703291642844,0.9137914367031075,0.44940147658527785,0.9418298869208267,0.16917258642315078
0.29398433578360705,0.21373626426224812,0.9799049581931505,0.9863523202277377,0.6000274340765716,0.1123348624944589,0.606055275328806,0.8485227273842619,0.4223684160278971,0.8998205524936518,0.16917258642315078
0.41866438497507164,0.2555456690108323,0.9835415718454679,0.7494537334845611,0.8590542893194324,0.08586727464338761,0.49960935829200037,1.0,0.3653762645577405,0.8775857164877945,0.16917258642315078
0.9509896247048576,0.8923328611926526,0.9881703596574661,0.5314880363588338,0.9380795527995518,0.9969368289091561,0.07141996285720878,1.0,0.017434896030774638,0.4819222568922904,0.16917258642315078
0.022682361019750408,0.8719305033918747,0.6922590079416215,0.07778965999822496,0.9336910771109455,0.7770027460646907,0.7128817301625732,0.0,0.6821829741819982,0.9174998718986902,0.16917258642315078
0.4648821813345032,0.021795006240331816,0.8786540581834296,0.6906665390223574,0.2326386191610308,0.9927420345551706,0.46213179533443605,0.23805308820769036,0.5923301777225305,0.8822018119168344,0.16917258642315078
0.08319698024290034,0.9736139759567136,0.009609746171323263,0.27235368886985856,0.9634077071394515,0.9451040507787059,0.7099581643445876,0.4796898127370674,0.5221450823136919,0.8673927165811914,0.16917258642315078
0.9775002411384967,0.751173869812561,0.7759327681772474,0.8550939610168177,0.9403607580085733,0.968677527668061,0.055509686006474476,0.0,0.06171405847516098,0.3043125985065663,0.07141996285720878
0.8493483278874758,0.9984531801903218,0.9981513321450198,0.008422303985092916,0.06472161865416781,0.16394685259902764,0.29167649993228817,0.6906791797825339,0.46537325064481827,0.8691906899860571,0.07141996285720878
0.7582224476328686,0.2048856669786583,0.9818014366743327,0.030866164164279564,0.8288786209696183,0.365345709288035,0.298204455481973,0.9963528163673022,0.3693768198702898,0.8445448495880139,0.07141996285720878
0.8141040622704272,0.004587008438067808,0.7507399972454222,0.01946397178597692,0.6399229144584603,0.8999615121507373,0.2856249422040308,1.0,0.3448589419159962,0.8208783002216611,0.07141996285720878
0.7193783365469111,0.773320063825285,0.9458168089665271,0.9628718435985762,0.7006982208513943,0.9124822852745028,0.13250072091983345,0.4294241811490425,0.1079057002822994,0.3282772110893324,0.055509686006474476
0.028258750647587094,0.0851651753941639,0.17840657994905795,0.6573649979283557,0.06168187072955633,0.1355166133976088,0.9786623556202037,0.0,0.983857019461384,0.8789723749542471,0.055509686006474476
0.30473773321649034,0.9486921132166517,0.7611370904324303,0.7666939662427837,0.25279264742004537,0.06757313697231848,0.6023186874425153,0.44906698966308356,0.6359339561207715,0.8711834003496115,0.055509686006474476
0.9878543765160506,0.6490708310140669,0.918255836678321,0.7060318987681731,0.13415027475567476,0.9423146139888338,0.16973375493179516,1.0,0.16037635882346546,0.8129156545421855,0.055509686006474476
0.9404944470563354,0.9527957008400822,0.22638337002690867,0.9990383420458696,0.9563626163334503,0.8288997899730287,0.09994141059300146,0.5637722036408659,0.05320301484068679,0.44593787399727475,0.055509686006474476
0.4172110770972135,0.8518219152525652,0.7895086405289108,0.03760931453313365,0.9635822394727364,0.020669931517001028,0.5127791028549988,0.36973985146683586,0.48387824395351586,0.8418929328076976,0.055509686006474476
0.5921126834084404,0.17076760265096647,0.2917385002039511,0.5750708479535745,0.9865929469591582,0.015309315481868757,0.5085811965885569,0.0,0.46148387448037553,0.7533372739069011,0.055509686006474476
0.8799714723520655,0.94553593213356,0.010164627503324586,0.7896478058042438,0.2605799322679164,0.8561957842067164,0.21795156003536006,1.0,0.23926697129951435,0.7100604800087705,0.055509686006474476
0.9941232944003036,0.4719853554165949,0.777917391253714,0.9769330247343356,0.993330527442644,0.6776172378758429,0.09868619562106959,0.0,0.06252107390697326,0.424962512952045,0.055509686006474476
0.8580829613697553,0.9382181052646723,0.6169854510681587,0.004483139417566839,0.08058747771867825,0.8733193032095884,0.25476281490236174,1.0,0.26204516132978917,0.8077552247785499,0.055509686006474476
0.8502379289031818,0.7417842743418378,0.7128528972705255,0.03191459668167962,0.5731600967140543,0.9416864277852987,0.2258980147511951,0.4456697740504175,0.24522220484349422,0.6893409303170889,0.055509686006474476
0.8462396959878857,0.27061802738185425,0.5258757118742035,0.9903349397407928,0.961140200610276,0.4157494824838246,0.2131433893920613,0.5496898821457287,0.21712296276495113,0.6803053103594965,0.055509686006474476
0.9920798265296698,0.6159947722985937,0.7738465714658842,0.9027081367135829,0.979844888749397,0.778244921023878,0.07574076098832327,0.4125495840954829,0.08317572845911059,0.19125006288567864,0.055509686006474476
0.08480263031370816,0.4695205407102655,0.2364996656225382,0.9800704077218476,0.08881691294554306,0.927030293111384,0.7822508608020322,0.002988190626202923,0.7700368852634938,0.8077614311400994,0.055509686006474476
0.08158785702178661,0.014377352570825952,0.7987880107146208,0.18746129576363457,0.7039858448216451,0.8745801312516189,0.7623632925346044,0.0,0.7190663443680307,0.756277612914174,0.055509686006474476
0.4310523324201364,0.22742865557543612,0.1822461919392302,0.4581352786619044,0.7724223016045105,0.8647523110076774,0.5422239722542064,1.0,0.5257858383945404,0.7347657103093974,0.055509686006474476
0.9875959908318663,0.968297176374833,0.49947919886678405,0.889305560175473,0.6524209814810487,0.700004764114005,0.12050241932459803,1.0,0.10276856501382525,0.4450572001490329,0.055509686006474476
0.008944607887278688,0.882426349610912,0.8939591483803557,0.09289738424180316,0.11575051659249813,0.18082299861030648,0.8618445016999045,0.0,0.8478653876519857,0.7669072419447717,0.055509686006474476
0.46994212946183356,0.47261263613568916,0.9234542638105798,0.9221132225739386,0.07305602324032467,0.4916987771789443,0.4274288590277179,0.7514268735053152,0.4816916940520457,0.7187725535944419,0.055509686006474476
0.8891084146214593,0.14645500135678724,0.30787640945529415,0.9866981524800789,0.10981003039476611,0.07208577581559794,0.3945303063799219,0.9631119301523785,0.385954716159592,0.7126305944803034,0.055509686006474476
0.9595528485345478,0.769823737188482,0.7598143079090397,0.5603133602035117,0.990752914125763,0.8871911024004064,0.10310456812485191,0.0,0.10615632635143157,0.2717273667476311,0.055509686006474476
0.6941229582611772,0.251753714243493,0.9928529628712441,0.07874838063756939,0.1239094808454313,0.5241984623053674,0.3878084114236659,1.0,0.30562565673938735,0.7286534752174229,0.055509686006474476
0.6910898424512427,0.3670002696640249,0.9619838215387096,0.09106944481108081,0.00548901341403274,0.693553000697393,0.36660465220427535,0.9992584786123085,0.29733896158549555,0.7201758703561773,0.055509686006474476
0.9825224385960746,0.6753781083833278,0.014963299709138345,0.6057821252059942,0.8412506712145547,0.15078070215449224,0.2760193114082319,0.7735767885466694,0.2892467358755866,0.6539803638499053,0.055509686006474476
0.9850193205262389,0.6543206961818822,0.7258325446720546,0.7736538202759241,0.9829628688253346,0.963640457563012,0.08959209656665545,0.0,0.08216433923891486,0.1428982667411582,0.055509686006474476
0.1453099362368936,0.06781070256020072,0.9211963249440855,0.9754931254677156,0.8281906156419132,0.9514009481051073,0.5883492633828787,0.6956675789049643,0.5970573723654695,0.7372727845872351,0.055509686006474476
0.36247785359571427,0.95805604705087,0.3657122996044998,0.2027532941614778,0.44654687829397144,0.5869786367987695,0.5796073392954088,1.0,0.5451152675367581,0.7201012992474977,0.055509686006474476
0.6143110504613263,0.4591570880630862,0.33190314041617663,0.03728400468541071,0.6864658901357726,0.20535955367260428,0.4968904257070968,0.9976547992372667,0.5172127108570947,0.6919307984459007,0.055509686006474476
0.9570026567462497,0.9006112938047711,0.7344357921293226,0.8828080131794567,0.8278807080233672,0.5978402456812214,0.0656855969382909,0.0,0.08541809819752189,0.3193553727263307,0.055509686006474476
0.6321578149274324,0.9555591132208582,0.8193028055668999,0.9830524851777053,0.8935945573557574,0.033122575189290626,0.26233220370795085,1.0,0.25208186579377667,0.7194382027028843,0.055509686006474476
0.8437711733147758,0.7479124574618561,0.9678137159818192,0.9679830965331039,0.5251547082303215,0.17007961825472073,0.19673569233650381,0.9316819751255808,0.20525389647134773,0.6566635040705945,0.055509686006474476
0.8472410756617726,0.947132386477452,0.9534101485735438,0.5488981981679322,0.46356261182481173,0.6573482049038214,0.16666650498412902,0.6050606015536925,0.19426657467365516,0.5694365275003864,0.055509686006474476
0.8611176842312706,0.9583201421324038,0.40990827619781733,0.9440498929391543,0.9971674343697957,0.5919010012624862,0.11545656373009935,1.0,0.08654392389043863,0.3176000152292584,0.055509686006474476
0.03698928101596077,0.9000209493753163,0.00851250068785081,0.024591760406554086,0.8508996657285137,0.19188227793092238,0.8374172098335475,0.0,0.7747777601170753,0.7188537843710435,0.055509686006474476
0.5715403198142346,0.3072246268588046,0.05749649282097402,0.2602746839449769,0.01621452353605024,0.11117809281188717,0.6235978118045956,0.40525518457638976,0.613196523324433,0.6735727076346174,0.055509686006474476
0.5663988650285854,0.22198895113820105,0.6345667756678971,0.4871751193298659,0.018142583592021477,0.029290014797061725,0.5810491358946741,0.5166391508092566,0.5748455545093591,0.6671867169212286,0.055509686006474476
0.8931979805292815,0.9150868059289713,0.6567514344066985,0.7268862117934198,0.9908108332282696,0.908582515270269,0.08427243644377992,0.6826418047101915,0.07746238666476124,0.25363437134671823,0.055509686006474476
0.012623498347936635,0.975191140713487,0.24306048995404594,0.7967648983199698,0.49287829666242466,0.9375766911178334,0.7577846461545023,0.0,0.7899072074112858,0.6767077399542971,0.055509686006474476
0.10783995961481097,0.6629614135487881,0.40571615531784044,0.7859633099432382,0.8607111798549641,0.8592811113993576,0.6552085579679771,0.3695355659408471,0.6197906622728375,0.6632370998797605,0.055509686006474476
0.5903970406357038,0.799437193409577,0.5226294000759703,0.9620698248448729,0.05776600768906437,0.8576735672706903,0.3254508123440798,1.0,0.3340145278362989,0.6447144614155467,0.055509686006474476
0.9194290583824721,0.9909274371910913,0.8890063184103139,0.6866456742905642,0.8633416259096667,0.7485043056097528,0.06034354046617419,0.0,0.054336818261944586,0.3096734207109339,0.055509686006474476
0.8885039922571668,0.8404256624211888,0.5155036670134853,0.8672303127613921,0.006896984463879985,0.14030649781757765,0.27737166365948984,0.5287306939828441,0.3415279848358992,0.6777417929682542,0.055509686006474476
0.8913062913316547,0.12740894739101472,0.8774835674118835,0.5664003043841361,0.679994935506067,0.6134305134882668,0.21683994017508162,1.0,0.22817747108582864,0.6364789129204995,0.055509686006474476
0.8955909947298937,0.23977877535532177,0.9114978114075761,0.5768303675040077,0.6372941372919501,0.5722588793256322,0.22052015867010627,0.9080987537218562,0.22172429277057404,0.6159680752289647,0.055509686006474476
0.997242081994642,0.8293487711983006,0.7995386648726368,0.891009914850743,0.8401341152714876,0.9139025233884341,0.04576329370390058,1.0,0.04316184434730985,0.146266642108972,0.055509686006474476
0.23538315958081057,0.39089704164528827,0.48951041290341313,0.4744606094201136,0.5178420553602271,0.40752376670121004,0.7300281606848409,0.0005248332375492266,0.71741695703804,0.6584174839539352,0.055509686006474476
0.08379417660095967,0.5934681893630344,0.8797742259536938,0.4638392001750993,0.9116092639277852,0.38498825307126305,0.6997756290895583,0.0,0.7001059640829794,0.6410213686145295,0.055509686006474476
0.4305645239123411,0.5020974319047795,0.31630838700501085,0.5799616575424541,0.4533432433750838,0.3094508761890521,0.5966959715712388,0.6615457179800958,0.5807007048804849,0.6289118080052055,0.055509686006474476
0.892894613935431,0.8228604620294803,0.8574056272959971,0.8565811492903027,0.9278281776852935,0.5064806348292498,0.06860048539234623,0.7468898378583283,0.07127416336520298,0.21047692731510503,0.04576329370390058
0.23064059545359905,0.057590544688821854,0.10927597584663395,0.015215685112990318,0.9840280969227253,0.3831121705184737,0.7311905760393771,0.0,0.7306967099512462,0.6918437913574795,0.04576329370390058
0.5022083079763012,0.7407041369731895,0.9297274560557864,0.10358219098568044,0.4335517281545227,0.33944853864793534,0.45560012290215707,0.7621955285334507,0.46337814753287887,0.6062297296375114,0.04576329370390058
0.510520112675098,0.415207680808079,0.07953830311109067,0.8992392856217453,0.8578563424526615,0.5028844597152897,0.4127561037556445,1.0,0.39994766385657954,0.599490923010036,0.04576329370390058
0.9005737176003756,0.8724742686305552,0.8225141442720525,0.6562761817293177,0.7097551492170577,0.7283217633873758,0.10768178696680991,0.0,0.11765563960551617,0.20910842439152852,0.04576329370390058
0.9941891330374142,0.13150928683761054,0.23968156142138208,0.01854714284292802,0.978219159358322,0.5702196871220109,0.29245595025059795,0.8990347897104527,0.3122722731169887,0.6425832416108499,0.04576329370390058
0.8635542614842445,0.025593696081742223,0.8130376295421995,0.8232090073524111,0.06034369600187084,0.5476912415327534,0.24930651084902775,0.9612898811110878,0.2696122816089144,0.6164633642660006,0.04576329370390058
0.6841830242994797,0.06894541572058543,0.6934043451206322,0.9114146814269204,0.8000928395030393,0.9799537966261156,0.2417734122977152,1.0,0.23276723777034647,0.5899029376577607,0.04576329370390058
0.9819501190712014,0.8502320223301859,0.9343527548072553,0.7679584180353877,0.9335179469673424,0.7683964527701683,0.039327273377638125,0.0,0.0376009752653772,0.1941457131578775,0.04576329370390058
0.6048404009637496,0.35865381658445405,0.42411511136694136,0.4005475985841179,0.17401150073632288,0.9380249428523827,0.4765322365248362,0.032261168887507456,0.47697139352380447,0.6397278809034163,0.04576329370390058
0.7059044214131348,0.9849444925241405,0.012558914208494865,0.9949521265205887,0.5635797779873404,0.1293683626523754,0.32437199452073245,0.7416760848867627,0.33418447686056396,0.6335357589289089,0.04576329370390058
0.9620979554664465,0.4233471507422737,0.8616858562219367,0.5667453220488838,0.9088580965806927,0.06076917796459569,0.25646215223171603,1.0,0.2631341043929005,0.6122245466512737,0.04576329370390058
0.911314764744797,0.9000339450647307,0.79092834395534,0.7153773833576891,0.8300110019697547,0.5263928204857072,0.09351710314565947,0.5377915281761925,0.09246439495306902,0.19601381007673838,0.039327273377638125
0.03650087328057827,0.9276180363315276,0.09300600994694608,0.5859459822669383,0.22688181251498563,0.3914076715721102,0.8415245861298836,0.0,0.8520602937221824,0.6441223209853676,0.039327273377638125
0.07976237942852638,0.05280290826093603,0.7523346785938705,0.9218807219081663,0.3324366173198522,0.5927254984796314,0.7491077959372704,0.10030728969422764,0.7732728627693533,0.6234325989276169,0.039327273377638125
0.9995554263183373,0.9875008850080208,0.670948217304762,0.13387461138341417,0.9220628560164245,0.01652712147470181,0.254640947963659,1.0,0.24728602897914698,0.6185453316565219,0.039327273377638125
0.9437506952317394,0.7723178189636125,0.7442652754837451,0.9549115808048124,0.6381765325438961,0.8570770620087144,0.09489680730968117,0.0,0.09242981387926363,0.23930822538944468,0.039327273377638125
0.9096700110512315,0.15226522607919712,0.5229325073367106,0.02262510838209497,0.2524028430736379,0.05206525541990625,0.4594836766803322,0.34108904200541434,0.43604329062371505,0.6374652781313196,0.039327273377638125
0.9777054540656536,0.4798948217644231,0.8345530387689445,0.16114018740552505,0.43419924600401993,0.05381606201981415,0.36213410188168466,0.5727644936206869,0.36221584641821636,0.6006850739298385,0.039327273377638125
0.9570432220833847,0.95616370359064,0.054726823030141425,0.08245008239591922,0.7944119906929109,0.11332202893558208,0.3016645868352056,1.0,0.291997213020025,0.5987857045396298,0.039327273377638125
0.8468991353505262,0.9548774431883879,0.7429407051568372,0.8648717057282974,0.9523748099861544,0.4813338454666716,0.0857296085225239,1.0,0.08271501857431218,0.18425503321076706,0.039327273377638125
0.002298916710492427,0.017683148530585724,0.8745532069660561,0.006006016168422557,0.10432284495855892,0.885275143278598,0.8721578154808761,0.07013852946922737,0.8833990203545241,0.6361400352797043,0.039327273377638125
0.12045361646067365,0.08911236560843416,0.017917424107175783,0.5939543020466651,0.6365554229786459,0.09005297634378273,0.8804077301136854,0.0,0.8825346410810084,0.6089660930278217,0.039327273377638125
0.26901891169940306,0.5070347641403725,0.9632498704624569,0.11056704746767232,0.47734101361628944,0.9027413952914529,0.6149109182234954,0.7318615238043489,0.6015052056683281,0.6024641818972416,0.039327273377638125
0.9741556706757747,0.9772396568179943,0.9645666495908225,0.2375946779970025,0.8789975421299338,0.7045807533660906,0.10646898750922203,0.6606934845588327,0.09497804562846568,0.4285312470976925,0.039327273377638125
0.9010305127633572,0.8029779829516206,0.09756053830555433,0.23988888122485597,0.01353860875016133,0.6885908483754649,0.30960552226722077,0.0,0.31530679918770943,0.6196552581747327,0.039327273377638125
0.9434484290095679,0.06874466244279709,0.11405691278798147,0.7433429893283406,0.9489787037080475,0.7396222386345938,0.22034156877557956,1.0,0.2338197428303772,0.5823713658635914,0.039327273377638125
0.6641175559672233,0.9870723819229925,0.7818069896381975,0.1135107808229292,0.9605902923338936,0.7051199302351334,0.22638976199371044,0.7120570905565735,0.22300148692061583,0.5588251222917647,0.039327273377638125
0.9597002069918686,0.9056802233604072,0.8923329593383823,0.9963128254057492,0.6946234738860024,0.26349190429100566,0.10700671930810264,0.9015675803270901,0.09705995010241963,0.28683731396520346,0.039327273377638125
0.4694559388374716,0.11785023487716262,0.007817101151172068,0.9339024792481175,0.017286279332151766,0.4602329398588133,0.5406595053354537,0.0,0.5596182479145284,0.639303278606691,0.039327273377638125
0.34678871962142654,0.09516774085142576,0.9846084667342924,0.4040669610827047,0.9937193935471672,0.5342398853690565,0.5178441507137095,0.033498702531190465,0.5146246161304759,0.5984002445773952,0.039327273377638125
0.8807130973711468,0.7270832430448863,0.574850140258432,0.2316184938214253,0.009337423089124108,0.21943625396022493,0.35233655230740873,1.0,0.3547747735428288,0.5565719293523116,0.039327273377638125
0.8591128171689559,0.7600266032939392,0.7697773951944632,0.9562283685391237,0.7585013698163736,0.6527066199961749,0.09772361354881258,0.7746259759711434,0.0948752080370614,0.20930806240409716,0.039327273377638125
0.0707720338408252,0.5845622119195771,0.41403386269901976,0.029149328967047472,0.3329218903264667,0.05738744959271702,0.9562205655670657,0.0,0.9495345632308414,0.6239691577642614,0.039327273377638125
0.026337305344374173,0.8233462504331912,0.8592864117636037,0.9153248878065255,0.5242579767723545,0.6508398111994915,0.6684396056371561,0.4526845022399647,0.6848977933332598,0.6164634413270546,0.039327273377638125
0.9957551429980266,0.5703858913511008,0.016184696476592375,0.6893983608740255,0.19241884176330526,0.14132666572531138,0.36365951642763183,1.0,0.3708872700523642,0.6133356847807407,0.039327273377638125
0.9786605329063868,0.9262011683563457,0.5588992841891544,0.5125843814092396,0.7829792694411707,0.9978099179717584,0.14373174371347844,1.0,0.13469655837022287,0.33776202127863336,0.039327273377638125
0.15082573229519425,0.9682851094657937,0.632517406455817,0.6576022474079689,0.8167694284481635,0.03382960342648689,0.6913794030867395,0.0,0.6987673871728788,0.6096927515964009,0.039327273377638125
0.379107696063654,0.41751744900031806,0.4726923789021309,0.04271483206014648,0.9777832307917147,0.7014295895720606,0.548552506595159,0.5461806878579588,0.5333449150801215,0.6038315594450118,0.039327273377638125
0.5186323779047871,0.6401799893472593,0.15024898860621194,0.9979339149754022,0.4203310656546412,0.7548227495195069,0.4178804374445662,0.8196544718605676,0.4086360278590746,0.5590153304155221,0.039327273377638125
0.9823554198698878,0.8604139386348009,0.9768741201510452,0.591867129069159,0.9865456409073327,0.7776983820168721,0.06424469755132531,0.34171652187883916,0.06156976216414023,0.1892577778089014,0.039327273377638125
0.39890693527296195,0.49081293771087375,0.49521630179007825,0.9613228690002272,0.9979770098640444,0.07120550604582099,0.5296817526946584,0.0,0.5160817673420297,0.5775857495774367,0.039327273377638125
0.6368158103917704,0.007985525752960076,5.008682063256664e-05,0.09393684337152064,0.45706163372549435,0.807398376714218,0.4727216795818353,0.105553811474096,0.47544853747697857,0.5573962985108928,0.039327273377638125
0.9855019230006241,0.9072541717049795,0.9796605500279134,0.4691792526531353,0.3578054043452189,0.017715235866695767,0.2800564562729403,1.0,0.2977890022237091,0.5529740890350919,0.039327273377638125
0.8531253308731052,0.9619385397370832,0.9837397855659048,0.8993156008166067,0.5617143657261162,0.7299634083931019,0.0901304955486642,1.0,0.09536885153674746,0.3340245327828938,0.039327273377638125
0.009577004083827223,0.037480898176289634,0.5080099556468973,0.33953120975927753,0.8670244081286266,0.004174440496844456,0.958015689095157,0.0,0.9604952774060109,0.6167433072168091,0.039327273377638125
0.3910925982253234,0.007531135602819705,0.18741555370134477,0.7721449332182162,0.14716272079212867,0.9686637295750161,0.590449890509286,0.6250770147184662,0.573084152685297,0.5933818186044957,0.039327273377638125
0.694432494918901,0.4282800988114277,0.2806823145158722,0.03435178941947392,0.2118964653064408,0.5255196439679632,0.4609112466433185,0.7598646258306988,0.4711118536682619,0.569910855617917,0.039327273377638125
0.9352714641770068,0.8177348165675831,0.7966511575310444,0.8171227900158711,0.7712846992327969,0.5985602021171766,0.08378566961075312,0.6339166974407284,0.08389516917326745,0.1368564283917254,0.039327273377638125
0.03372646841953375,0.3977002632320056,0.9406987839230496,0.682964290876624,0.18215454199196035,0.09367944241009751,0.8769889107341771,0.0,0.8804762003096869,0.6083782618848008,0.039327273377638125
0.2651370330442534,0.7957596121242697,0.20729213688762005,0.3433788122931234,0.06630583602148943,0.9460898092213256,0.6758444779456992,0.3710748692086739,0.6769923930902308,0.5951738710895486,0.039327273377638125
0.9843196190274668,0.09901971710580437,0.5238017678540661,0.15421819042109708,0.9140851590636513,0.07276373344559683,0.35942775848471076,1.0,0.3524963560491017,0.5931774609207321,0.039327273377638125
0.9648703168359289,0.937631687948723,0.7654943072016991,0.7917207342405991,0.7039243954933573,0.5444580248020401,0.09297692641327931,0.0,0.09180929043901642,0.1559866074888273,0.039327273377638125
0.9796844926781064,0.04359677673765405,0.15565694048096645,0.9780952571632949,0.8762105755529968,0.01176644091975354,0.31469022903629684,0.8189352642597776,0.31057773244046416,0.5996065472432164,0.039327273377638125
0.8967630014976297,0.7401548583246863,0.012052603143110296,0.5333127483285843,0.7544261574523695,0.9102012170270055,0.21357639212804544,1.0,0.21262561942198488,0.5513685921053714,0.039327273377638125
0.9478434673234633,0.9950015773724766,0.48064047765269424,0.98535376611102,0.19658517394411656,0.6073292914321308,0.17815982997726515,0.8459511794450814,0.18130721368374125,0.4777536709518875,0.039327273377638125
0.9535315983141147,0.6619059898089481,0.9512583957941901,0.8648388192646519,0.934547544366037,0.47424947682702423,0.07948315703556857,0.0,0.07696369162870553,0.19885601500901645,0.039327273377638125
0.5406998161975866,0.0004094036171796711,0.3453679228747666,0.9972996415756886,0.49970278503136245,0.5749239160832385,0.4429156311969316,0.8084382317699431,0.42325724420715005,0.6143225292802258,0.039327273377638125
0.9897708584250667,0.2520983088782296,0.38262263976916655,0.5374451522376127,0.5718957835904659,0.08368920413473213,0.39255213217249213,0.41969569124882855,0.3966968783529694,0.5544999155423165,0.039327273377638125
0.7909818749820163,0.6239316314352067,0.34953219132215496,0.9727822522449991,0.4337402483263616,0.24715582656175883,0.3170865760167429,1.0,0.32390369282549614,0.5313597104676704,0.039327273377638125
0.9842760304019619,0.726535530875735,0.9083465199147054,0.9348210528538623,0.9056835969045094,0.7996412492448765,0.04107531765298799,0.8174887244202516,0.04085266001376908,0.1932856283483698,0.039327273377638125
0.08730006452128503,0.5425891224320937,0.010964135062194513,0.9869583519707836,0.48519153018679295,0.4177059683018428,0.7785469446540667,0.0,0.7787174279515057,0.5770154931385715,0.039327273377638125
0.8410322526848352,0.06931409186522497,0.5418175966517552,0.007432999455282641,0.007780300518271943,0.878791212086586,0.36169875617338326,1.0,0.342047612475767,0.5735441947416844,0.039327273377638125
0.9075651132541711,0.1532185653173208,0.3954311375446087,0.35587221217176734,0.7465603869344152,0.8582946029569146,0.29299667821862685,0.9951363953558676,0.30228135994892114,0.5316710358953426,0.039327273377638125
0.9931441299209756,0.7352751660329907,0.9227180964842532,0.9739696813657995,0.9808841102353816,0.543185612976348,0.048627688122222665,1.0,0.04331674890067916,0.16302009272326487,0.039327273377638125
0.3157228459572039,0.01775060259309791,0.47242979005789476,0.8788025931922092,0.6662426891055623,0.027754232697489445,0.6745181301548925,0.0,0.6786264753294518,0.5652603607181307,0.039327273377638125
0.4488621161415982,0.7410025797619324,0.25737913556889336,0.2638899611845944,0.7870485658052292,0.9143804141650588,0.47575627616704497,0.6927580545843173,0.48230790283994907,0.5304025328363217,0.039327273377638125
0.6949354911725496,0.8901664628359235,0.26085690369908987,0.5062879860938929,0.2140594060410831,0.26176428288218656,0.40671234052250715,0.9392832394963959,0.4225078094206083,0.5280599307547578,0.039327273377638125
0.8355278351580345,0.951012186553906,0.9410649185028671,0.6836667615090919,0.7467125206244082,0.508088761527008,0.1135842126547064,0.7727356059555797,0.11033379722289283,0.19789560360253602,0.039327273377638125
0.022932036352046548,0.4727920871637248,0.04038048899701341,0.5716088449002832,0.41369950682427237,0.8460657334594023,0.8703614860207562,0.0,0.85342743774072,0.5667858615749737,0.039327273377638125
0.18012191551229628,0.42809861840112184,0.9397971501169644,0.08929322156735009,0.011866620606628131,0.45490013648811367,0.7446716954670637,0.2352354982367827,0.7344889323912867,0.5617620231006347,0.039327273377638125
0.6284266213708524,0.8812827824572864,0.6248569697378314,0.45992063897334723,0.04842596690061762,0.7064033098300674,0.35071274207781855,1.0,0.3430907770060685,0.5407071794572677,0.039327273377638125
0.9084404008327263,0.5371197504883019,0.9480311142395278,0.947517583372292,0.9204294735024058,0.8306479305687905,0.07724776526410944,1.0,0.07843985849069668,0.2110552170623529,0.039327273377638125
0.07106760438649351,0.4548959307926774,0.9390517117745724,0.9518097615479102,0.15979871909648824,0.888064958351122,0.7066077174385016,0.0,0.6870742679662953,0.5608410079830719,0.039327273377638125
0.32557438520269744,0.49948312551127105,0.7995453268961132,0.37547704341350774,0.9985418111356515,0.9923909439412976,0.5075600934839624,0.6931929140711106,0.5055830808171606,0.5587818490332755,0.039327273377638125
0.4875055579248213,0.8779488566014078,0.08176135967418119,0.3038182234091944,0.7340054738321734,0.24155670918288197,0.5032409639331628,0.6595129029674877,0.49995564440570206,0.5444363882747312,0.039327273377638125
0.9376914267507878,0.9280234003802046,0.7290363446257244,0.8882024171018971,0.9156357498346134,0.8463716409501529,0.04485006849028998,0.5326772404210163,0.046258355892604186,0.16888557988343275,0.039327273377638125
0.28984143070185264,0.33223801423959765,0.8884511391440822,0.041480384939009296,0.9377940380699784,0.1682354978977142,0.6384911969531547,0.0,0.6366268500892858,0.5432691235679853,0.039327273377638125
0.9425621237001608,0.9987735082205667,0.1980431614145416,0.006303737310106916,0.44312006091265055,0.48658349389481803,0.28698916232965704,0.8807575176562765,0.27576707205422224,0.5395306085210356,0.039327273377638125
0.9602286917860534,0.8673988005520346,0.36345524893725323,0.9750738806447885,0.8397614030139482,0.03527837533281808,0.22059779592783085,1.0,0.22375132756066307,0.5358641827023211,0.039327273377638125
0.8944089706106615,0.9139989144461943,0.7467323786926185,0.8025619296003156,0.8176608651810846,0.5823692554949357,0.08504460448801851,0.5075401438737445,0.08552888894138277,0.10503158870760464,0.039327273377638125
0.22080198865975198,0.4983158052768679,0.36461431510038655,0.9284458823562051,0.07278440512946227,0.0018874916475369874,0.7919000648849742,0.0,0.8055290220631264,0.5778447165622034,0.039327273377638125
0.4018846414113292,0.19763122324308702,0.9887110751345634,0.4994633026283867,0.39483336808551783,0.4765993972574817,0.5505578385554425,0.5310191020525286,0.5395077005588078,0.5704453447901318,0.039327273377638125
0.8982341627910556,0.3425033608478595,0.9544449232285578,0.9501033524451181,0.09629958453891152,0.1547995038692872,0.27831097680237066,1.0,0.282309131551834,0.5416542920957389,0.039327273377638125
0.9297353160057621,0.8757489204114127,0.8481890995816563,0.7954905614662044,0.9631709495655236,0.8748337288634745,0.04106478361785264,0.0,0.04103218575141909,0.15416837047796714,0.039327273377638125
0.8190895928348919,0.16450177017552425,0.5090539212952196,0.9650455877284562,0.002028905738789555,0.9840454658994009,0.28363271999902295,1.0,0.2599899602429616,0.57236517548235,0.039327273377638125
0.8936631447726304,0.9304646431190098,0.685704509820597,0.00833567203784269,0.3618295186586974,0.4422479739935202,0.25510910407568865,0.6733171721367298,0.25614966359077584,0.5034369089214932,0.039327273377638125
0.8548866928061809,0.4860514787366681,0.014499409580500333,0.9224853491628793,0.9042435914211988,0.8885680096530465,0.18975231154134925,0.9857351136395124,0.18107541887414413,0.49060851198469313,0.039327273377638125
0.9340516024796978,0.6895179085944626,0.932995769697288,0.8912009421260825,0.8273099847420287,0.8896822739025956,0.060080773556818075,0.5538489016245748,0.05940578730090351,0.1437111905838669,0.039327273377638125
0.03439545773244612,0.3420862064476562,0.18281280580642534,0.4564190633692964,0.9672170587510102,0.47609886647196575,0.8428017937410252,0.0,0.834974705740791,0.5731030959721486,0.039327273377638125
0.4341407808493659,0.9952045019138712,0.6387054990354322,0.6128104301291755,0.5404174246015285,0.8100659944729575,0.4143558062336197,0.6436346230542342,0.4106237424971937,0.5510486989074318,0.039327273377638125
0.7726023211181563,0.9560011214443273,0.9903577095677267,0.9365856137422858,0.08169465427759448,0.48175214609849915,0.17328641180477355,1.0,0.18453701063410222,0.5477041290026533,0.039327273377638125
0.8840468321575067,0.5914836292740412,0.863092822404761,0.9311721064217235,0.7740612648124611,0.9852285601669702,0.09678194414307578,0.6260633794321275,0.09692065498327906,0.17481370651419695,0.039327273377638125
0.1065933071596823,0.041114616550012584,0.15019743164242516,0.03424388298256831,0.1001729150793329,0.24406712412176568,0.9456487014931023,0.0,0.9436498214687674,0.5617994156522855,0.039327273377638125
0.9503606441238179,0.3168518282585501,0.9939222700536702,0.1082872610275688,0.996629857633809,0.9080585753352785,0.18373218025017274,1.0,0.20465279340244535,0.557142507853677,0.039327273377638125
0.9803751085741409,0.05239320509838785,0.7452739747331136,0.8610847543954431,0.3911086266435314,0.9864219763311266,0.20663553097002463,0.9501379324708729,0.19066108834968531,0.5065350861347809,0.039327273377638125
0.9329633005514867,0.8833726270119578,0.9281510682393233,0.8996756912217695,0.9771966509851729,0.8072600536209071,0.02087897195053735,0.5405192527067844,0.01988449327056685,0.14859313700993523,0.039327273377638125
0.27067029902556883,0.3641372925083435,0.5729565086884656,0.9861046184539116,0.5061388606675506,0.9881466866297167,0.5879858866731213,0.0,0.5905765060016108,0.5596856680869731,0.039327273377638125
0.9370800458223186,0.49748747183705055,0.5182005722564678,0.6401386076620302,0.035155583106828536,0.6395753184513535,0.28010141481109924,1.0,0.2751217566423918,0.5395015882825795,0.039327273377638125
0.8312210793981801,0.6463368207279133,0.7364648593083508,0.97086787558132,0.3250332225777087,0.5134234617800573,0.20710953314776995,0.9848207157141541,0.211206542950805,0.47110437715654796,0.039327273377638125
0.9736562095197541,0.8938232271736262,0.8685533529380881,0.8434043371088848,0.6447272638179324,0.716925230659089,0.07237422167373883,1.0,0.07290146981625867,0.20645219183165286,0.02087897195053735
0.2582544644074003,0.21426763675678906,0.4535561209891604,0.6644714611730315,0.008304555716812101,0.5865961197786117,0.7035834020215865,0.0,0.7007002564443496,0.5550383566095054,0.02087897195053735
0.09040169452370084,0.9860649539798492,0.09173508196967084,0.8132411238274216,0.8606061760571164,0.5454879047342576,0.6564235270910562,0.16329167015341667,0.6500636881472133,0.5499948836622088,0.02087897195053735
0.40512873813290917,0.0035750463329325965,0.630111667048559,0.5550401520363508,0.00019495371170452636,0.49687295662900877,0.5902201004647019,0.4032258791484113,0.5783229910445584,0.5452468461246095,0.02087897195053735
0.9834069506605128,0.9920448752349544,0.6111556638627678,0.9547042468925399,0.6598738507355426,0.7080480899198142,0.09546161111687487,0.584710468411074,0.09321115506031674,0.13209982084456978,0.02087897195053735
0.001105302086332749,0.9799124244628702,0.8864037116600111,0.05986476738437296,0.6520302502080889,0.08078674308929312,0.8339847794066044,0.0,0.8216443701638241,0.5478264575453189,0.02087897195053735
0.09903925641106459,0.8937912876742388,0.9118807269910946,0.3423937509827939,0.5021893051184677,0.6087714488569805,0.6885281285992279,0.2506186629916156,0.6835149521555763,0.5437293663413946,0.02087897195053735
0.992494736968798,0.20864611080341766,0.898907528076795,0.3512064180911627,0.27845055528260965,0.886078416238396,0.2727404170883649,1.0,0.276297535300273,0.5372854715534755,0.02087897195053735
0.7805236839073467,0.9086809498522431,0.9531719374076277,0.9433101133437113,0.9737417544453102,0.6913535983531818,0.06280400957714058,1.0,0.06371085310874491,0.19963616230103215,0.02087897195053735
0.051197424004387426,0.015407033700259753,0.17596874370177717,0.10828204700231703,0.7489525111623745,0.8784231565350634,0.8544304461647245,0.0,0.8649352947502038,0.5589430496302639,0.02087897195053735
0.09234604153053572,0.7347240268763909,0.42548425163429204,0.021643417607479343,0.42222256913806133,0.9329254319724395,0.7927303108957848,0.10485141061721329,0.7883272745230769,0.528670708349283,0.02087897195053735
0.47612757696092567,0.43407196249165936,0.6633019647179192,0.5421452131070393,0.5901070856236207,0.827707421181991,0.4583335641967388,0.8353412850938198,0.4537783720028301,0.5169381046075839,0.02087897195053735
0.998503695016127,0.723121941289141,0.9963626052507754,0.8882464514959144,0.9503602665252812,0.52263502362019,0.056329527795858376,0.4565179589925786,0.05707794101954278,0.10461067094392,0.02087897195053735
0.1310157456064256,0.9933964313882008,0.5198982694443218,0.8171021111697051,0.001765393106987978,0.5791377753953951,0.6746341489218554,0.0,0.6527011267587568,0.5770158199639533,0.02087897195053735
0.196637158855393,0.921449745643707,0.6628659184402087,0.8598809462706486,0.060537934598592025,0.5535802501590696,0.6012722222451913,0.013839935342087979,0.5952423480230209,0.5232925561791204,0.02087897195053735
0.6951054262945952,0.56497147446441,0.7063853121354304,0.26080256733579255,0.864129135140924,0.38358255715523104,0.3160543982824503,1.0,0.319533180507392,0.5137562843063189,0.02087897195053735
0.9031419231508994,0.9574236973093044,0.9092094208626407,0.7697801605157616,0.9944024776146735,0.9061952975830061,0.036367001937112155,0.8159136340570137,0.035945139042041774,0.11713854356254932,0.02087897195053735
0.23110978973345153,0.7224619350474597,0.9062689005093162,0.949734223646794,0.9931231530344594,0.2643825878809215,0.5105636039393711,0.0,0.5126068153631422,0.5359423066275664,0.02087897195053735
0.4965455748858896,0.9878726022116637,0.6283970872307215,0.013628984247379572,0.012252659026342316,0.5212257846558019,0.46390749781477153,0.40240575374912213,0.4600161053181182,0.5118869172615184,0.02087897195053735
0.4875394774834766,0.7465251752970343,0.9862977999781818,0.6173517267623678,0.43352849089118517,0.34384414632724536,0.4161530430428814,1.0,0.41199326705805106,0.5062405691331283,0.02087897195053735
0.9111991399437996,0.832191427147154,0.9371193308460177,0.7961500711364883,0.7269862028674298,0.6908241996257549,0.07464289466677328,1.0,0.074586770579117,0.14859818359633922,0.02087897195053735
0.16805663050556063,0.09414837481874638,0.005608413414467495,0.9911563317825743,0.6615780490595603,0.956334749522413,0.6859458459460777,0.0,0.6810336743811831,0.5837834254471693,0.02087897195053735
0.5394304100100333,0.01562782884861602,0.7481431112881402,0.26304210169375086,0.6329399131536881,0.08972817852632964,0.5387970696540432,0.6820799061034616,0.5341033071441643,0.5536671965129724,0.02087897195053735
0.3597674367027204,0.990595246096114,0.07430394735343382,0.8085055297993993,0.004853121365962387,0.823615047159613,0.5169204907854293,0.6551628492941791,0.5325138352671956,0.5474678647520101,0.02087897195053735
0.9040292199938332,0.9353781290299328,0.8817349589453196,0.737525037204541,0.9063696533281094,0.9896853704149571,0.048456025045022826,0.6803849082635722,0.04950043767800594,0.13039326603498297,0.02087897195053735
0.05044119218969956,0.006359658965259918,0.4505252128419486,0.6393830798530941,0.5625304575893859,0.9843694865203926,0.8166954129680898,0.0,0.80213782791472,0.5611641662988202,0.02087897195053735
0.9693017338383259,0.014690742797011436,0.9591278500433693,0.5085002121734844,0.2199749915797672,0.17834036210406856,0.3317074214985075,1.0,0.3097456106844447,0.5418372479363881,0.02087897195053735
0.6059125928523308,0.19535000538675873,0.9979441931357299,0.46115040692321063,0.8862003318891112,0.9581984386886983,0.3127943830482882,0.8725204941069689,0.3094402575132449,0.4812257642103765,0.02087897195053735
0.9321275180900018,0.37622834630104796,0.9871406636014615,0.9681700107169533,0.8404294039831003,0.9037401754645791,0.09944795294052489,1.0,0.09663212775120655,0.20036389509795896,0.02087897195053735
0.4633008469162275,0.046916423683858066,0.07899555769134459,0.19551058022080015,0.5686440439469723,0.04235091948021097,0.686415610606356,0.0,0.6979156071330976,0.5373081987477185,0.02087897195053735
0.31513422867508556,0.7115370162265623,0.9490665870050377,0.4151076361889747,0.004720191262401641,0.0012720198361857449,0.6755473747851239,0.022916011352793225,0.6783606635471244,0.5238108547138108,0.02087897195053735
0.44270739518427005,0.1702258151656485,0.5823597389683136,0.0819858806870335,0.36856084084008056,0.5348064200878018,0.5957663551719604,0.23874262981424174,0.5953595889794769,0.4978612105713159,0.02087897195053735
0.8766843398726439,0.7544178086164743,0.8908158846073099,0.9058564290963378,0.7979668580814981,0.7561479293048754,0.07007566533633952,0.7202760957012984,0.07039832699014426,0.16429921055419658,0.02087897195053735
0.08293560464220939,0.6762521569020584,0.467243746344685,0.17696208345138886,0.8480256046132526,0.2693462003917739,0.7998950972863949,0.0,0.8076644587292847,0.5260701143509399,0.02087897195053735
0.7830015366643793,0.08645033746042174,0.9973600168265601,0.08799800076289632,0.053560160636598964,0.030787768013524452,0.4424840847049875,0.6600961810554041,0.4547793224302623,0.5173071382188081,0.02087897195053735
0.9629975906626688,0.48410143677822404,0.5610545465697858,0.5754759551611212,0.5369135644128556,0.7905150655993639,0.24521844878906313,1.0,0.2452632832516457,0.48499017969109515,0.02087897195053735
0.9536545917925798,0.7585127649371929,0.9952939940548744,0.8532938648293125,0.7380597486574644,0.811245378527136,0.06307842650947774,0.0,0.06231560324522434,0.1567818033329687,0.02087897195053735
0.8198977246274245,0.9550613256497731,0.24066510269274755,0.2477101553446277,0.4987898769711441,0.9501084817593927,0.28431999850086764,0.8184546223829822,0.2929032855379319,0.5028598952319333,0.02087897195053735
0.8067539502249799,0.015998186406140258,0.8218501320511568,0.6614044843681982,0.9913575864282606,0.16136490736515374,0.2674231325510466,0.7484566706867255,0.26633018137303566,0.4664095273899595,0.02087897195053735
0.8327776204837631,0.7006935380535412,0.04427453609361298,0.9494435289370229,0.8903484608959499,0.3625038354763038,0.20350635790924443,1.0,0.19947069332675937,0.4350447892560587,0.02087897195053735
0.9073796871139548,0.4981065355907598,0.9899064122322098,0.8868592170741096,0.9325765878391491,0.7333476095972533,0.0892239304369593,0.0,0.09002234658902353,0.12872854726924185,0.02087897195053735
0.887797260796733,0.09661374337380657,0.034599819884634786,0.25678506970275594,0.04047382112154185,0.8532570858509564,0.3821046180797968,0.8971641448188568,0.37157628099777185,0.5236490285428625,0.02087897195053735
0.7456865297346641,0.47314406378537,0.0893432792112383,0.2387753864564801,0.9395423432687111,0.4968190780492008,0.34465682750660076,0.9227065745314983,0.3503730081346248,0.505673322309282,0.02087897195053735
0.8085875935830695,0.5184752580069965,0.06392401725033414,0.6840953519610637,0.05114763844574033,0.7660767077544166,0.3247878565357494,1.0,0.32636798459691363,0.49143517230449674,0.02087897195053735
0.94195885205841,0.9836179706216915,0.456897001179413,0.9575503162304702,0.8225656966532415,0.8386878536700734,0.09240457091240316,1.0,0.09403153286194765,0.23868449654411533,0.02087897195053735
0.021693447580561798,0.5922544891255733,0.7590668379511882,0.5086544559798083,0.5542525833482034,0.9729979277311328,0.7715714455399458,0.0,0.7681367541417217,0.5140228672569359,0.02087897195053735
0.20721200886394653,0.14577613401178935,0.7961937392242511,0.943092345550235,0.9690224201943576,0.42960709068622904,0.5777104141394692,0.45796226305851057,0.581009793454939,0.5095160758885101,0.02087897195053735
0.7330136561661458,0.5155851766168088,0.9994194551984524,0.4877045313560391,0.09465101971504586,0.23341332129324643,0.364291021110252,0.9923650876279716,0.3659389595270568,0.507547373248276,0.02087897195053735
0.9104379498818603,0.9865806174423138,0.6653427458285743,0.7626268299202179,0.8166778708765924,0.9024702646666138,0.08418864246398572,1.0,0.08363091222855701,0.19219136215244267,0.02087897195053735
0.06403362155714198,0.7110500251177193,0.4443236174328894,0.004227992159298477,0.002028790835399863,0.5482443223006719,0.847112862927509,0.0,0.8485056860336613,0.5463545357678365,0.02087897195053735
0.3882438177431575,0.08601161344355912,0.06006378697358017,0.3100921672000101,0.03668671040663862,0.6315340920931921,0.6702110275162741,0.37678115753482944,0.6696752349073449,0.5222724767739814,0.02087897195053735
0.4808745385070443,0.8163020125798036,0.9235301793187619,0.13150071723566503,0.13504943366831923,0.859284266787318,0.4311515507155851,0.8995848910786836,0.43660149217669186,0.5039202920322796,0.02087897195053735
0.9645509408753045,0.7508352015724603,0.6876102767159166,0.9892462972675412,0.9325912163189967,0.7407368985602336,0.06719831350551984,1.0,0.06671280389409162,0.19366231947307289,0.02087897195053735
0.46106083124395025,0.5384694134259992,0.015078692577378483,0.9331393700415028,0.6998396695883267,0.029118049708463323,0.5449358577337301,0.0,0.5554701840297582,0.5218886974397436,0.02087897195053735
0.545323295601367,0.9398959350263438,0.6101333930861536,0.2947285663113649,0.30194831076189177,0.010412267412459819,0.5314638207227163,0.029911931392147387,0.5411375563700176,0.5123578621031947,0.02087897195053735
0.9265737227919895,0.09174050967174807,0.06838651992205891,0.41875901909741886,0.22157105276882838,0.035995221368797736,0.4768141765035065,0.25126384196939633,0.48876756259548415,0.49552171236564896,0.02087897195053735
0.9323729638211693,0.8194359352039644,0.9754165863761135,0.9926000187039933,0.8468611389387453,0.8822748156150377,0.030081520989797897,0.7567759758850685,0.03029944252580208,0.1714640719016971,0.02087897195053735
0.1656286462188029,0.43043528569358847,0.5856759899906872,0.032283094979585036,0.046932530837688224,0.9748865848302234,0.7768487308643869,0.0,0.775310826508246,0.5160813163924727,0.02087897195053735
0.6173476965857984,0.13616213860232607,0.02893149351605595,0.7356694105835601,0.5279249859088986,0.10892523738420601,0.5059393990130867,0.49634425824265627,0.5078843453466106,0.5112600691486756,0.02087897195053735
0.9981834878415213,0.02979618718568866,0.7432724417484925,0.9717650445923525,0.534744044356367,0.3408058187478682,0.22550619644629422,1.0,0.22135012587193614,0.49119943465418253,0.02087897195053735
0.9405190783777146,0.917095754721087,0.6554622331401522,0.805198711842769,0.9736052090074497,0.7179848701493062,0.06936630476408595,0.7539671255009989,0.0685735381978887,0.17964908887737338,0.02087897195053735
0.2456084210810482,0.7495797043422188,0.018970230318320347,0.20269819647736098,0.08718351437837712,0.3019350663595103,0.7587570831797081,0.0,0.7588944831047968,0.5052768921772377,0.02087897195053735
0.9584650307215102,0.6004890188618872,0.06762014140650563,0.056705772846144864,0.3161922865176173,0.23048156731141334,0.39329444449014583,0.7090977825464096,0.40377004524610527,0.493142339788156,0.02087897195053735
0.8930794143634404,0.9714497852505837,0.681262142114678,0.5745755916626302,0.7518190547112998,0.01037010430299734,0.2492144560368405,1.0,0.2504085889021823,0.4804899939549999,0.02087897195053735
0.7737410565528478,0.9219384614690959,0.839345863893754,0.8792652194710047,0.8327336235557999,0.6344626149522902,0.09488423797556046,0.5774231073863723,0.0951802159391093,0.17895625262241155,0.02087897195053735
0.43746843249628464,0.5710310058758121,0.4205368524351196,0.5878877617411317,0.9590734922246689,0.38282317778764097,0.48353949574199795,0.0,0.48503424700487585,0.5015693212750367,0.02087897195053735
0.5991440891216241,0.27433671048694175,0.17994104702329672,0.04523988833800441,0.9087323531171184,0.9813100880494829,0.42509585359681246,0.3823484114978103,0.42175433069411383,0.48281390500137755,0.02087897195053735
0.8285629551145363,0.33891056045520807,0.6538556614148802,0.6606007971274993,0.3101347707142724,0.2742251071446855,0.3443979356769621,1.0,0.34354583723239784,0.4765309834740434,0.02087897195053735
0.9020886128008019,0.5963748874216084,0.9292785890735042,0.9770588975309297,0.8598618868653201,0.9644524417759502,0.07239214849240895,0.7061106854760473,0.07203960423265698,0.12095030964380123,0.02087897195053735
0.0033419874825132423,0.6818961056898463,0.5051621043632668,0.9927899853584324,0.6696063690052904,0.015669061210266233,0.8487178878777101,0.0,0.8367185860268194,0.5043085171493326,0.02087897195053735
0.9980491026553588,0.05362205670642328,0.8444218308000316,0.019778478472493255,0.44669283471185395,0.45150036761380463,0.2975285252754734,1.0,0.2952542606316797,0.5028739379851982,0.02087897195053735
0.9070883741979218,0.22482984707170317,0.4197352640857076,0.5163255353979282,0.9541698241194883,0.3392126784165862,0.2914786413210502,0.9491079385709071,0.2897880492157583,0.469924499550551,0.02087897195053735
0.8957901749625339,0.9282128469764197,0.987387789174998,0.812715146778017,0.8676288972861604,0.8925293343702572,0.03730346074228329,0.13727155413157882,0.03717207890119312,0.1584957145028223,0.02087897195053735
0.9849565021412519,0.1613766694345371,0.09610861100593304,0.014394761390754907,0.6393349207829715,0.04678502885528946,0.43396802126407913,0.0,0.4286731544911504,0.5315293118651446,0.02087897195053735
0.5579128807588501,0.35163747432013615,0.8446919048313524,0.9721266862834061,0.7220232547948635,0.45864690073929204,0.32598115372403713,0.36410065093450067,0.32817815316462884,0.48001766245256317,0.02087897195053735
0.9846910919732474,0.5135354847166523,0.32719052823012007,0.964624585148772,0.6051154274159992,0.5991152915905114,0.21473732732002915,1.0,0.21374461704306214,0.4511332224866202,0.02087897195053735
0.8884831203852696,0.8522338803835084,0.9726380846855657,0.964940145610935,0.9242809802420526,0.3872940106191264,0.06574534218444525,0.6216394600424607,0.06532459612202501,0.2003009842739269,0.02087897195053735
0.5315978492416328,0.7100680823331319,0.9599838587664168,0.45695427828208957,0.879268619405392,0.0437517394996918,0.41580679042220264,0.0,0.4119065218436049,0.49571366516600956,0.02087897195053735
0.675711468536543,0.862915134967625,0.40878638346958873,0.06200521790384539,0.9883810078043253,0.2939845726902284,0.3357646084832828,0.9002837472932902,0.3326976764494134,0.4906102175825056,0.02087897195053735
0.8303392909991322,0.7386459459838682,0.9841225007133726,0.08844474292981219,0.9311446478956226,0.017106924899369824,0.27172786225662016,1.0,0.2706719919037823,0.4367925147951129,0.02087897195053735
0.8912240780341898,0.944851592511042,0.9508206272723388,0.6602369524340009,0.8938586934335582,0.7209542967506875,0.06569836074662667,1.0,0.06568520692525226,0.09553652782054882,0.02087897195053735
0.044070081338237976,0.9037711298681699,0.29876140146644914,0.43891171387756467,0.5286753266941,0.016952550262042676,0.9081175012136191,0.0,0.9005215742887458,0.5079965445611201,0.02087897195053735
0.08254545017330572,0.9305458783250057,0.06163109153862467,0.02114271392721334,0.6025917996453509,0.6935329372658245,0.7706124466969908,0.2534642088021238,0.7756417727736675,0.49017403057340925,0.02087897195053735
0.05736910017625463,0.9977655396056685,0.4767124352801799,0.8645672364504193,0.4002640565763995,0.3132772244585824,0.757290500611594,0.2828049101787103,0.7558317521583149,0.48275682833021616,0.02087897195053735
0.9619156709290876,0.6219292884263897,0.796530985589101,0.8686758436440106,0.8842946039331339,0.481112319354408,0.10426572401136718,0.0,0.10433427442539056,0.1679171825085619,0.02087897195053735
0.43961129843286384,0.7859718135330204,0.06098814739471481,0.9484424017645832,0.9593025582820508,0.9967804715696226,0.3693209490566623,1.0,0.35579794948289134,0.5291334977729414,0.02087897195053735
0.9465285444255692,0.3276280745829686,0.4652305457800543,0.035210743235866926,0.549221843690594,0.5643562649271955,0.32831453030672875,0.7549729392616271,0.32582658219183713,0.47226976364371953,0.02087897195053735
0.49261412300627694,0.9338245117708515,0.8764584737101142,0.4495441066656958,0.9258548447760385,0.9598321061356371,0.3034756268449396,0.9053298017724999,0.30406386945628583,0.4670091135419592,0.02087897195053735
0.9114057494846568,0.526341582560922,0.9803001300329481,0.9376894072681519,0.9914146185164261,0.613653609337161,0.0853449996120945,0.8413381218930001,0.08510659103347962,0.14586974840835773,0.02087897195053735
0.519501223312714,0.4793834677441766,0.5750011659180626,0.0061028405775196415,0.22332840970259193,0.022315077612306777,0.6258327169689634,0.0,0.6210465582128677,0.5020984657561706,0.02087897195053735
0.434498449374381,0.07113206816062034,0.9793001176411766,0.21214375131824337,0.23187999778845803,0.986321692560227,0.5373382244026195,0.34158806281395765,0.5384401900136027,0.49245588714214683,0.02087897195053735
0.871752387200922,0.8328489606575666,0.42236416692476475,0.0592975575171093,0.4730214922424456,0.01196029606356619,0.39116018629641053,1.0,0.39316652567879373,0.4878201293240481,0.02087897195053735
0.9459381501457484,0.9116502817088926,0.9051669201156964,0.7011447319566722,0.9686840368051237,0.742806592344753,0.04860625181507184,1.0,0.048566032662506586,0.11079910160347502,0.02087897195053735
0.025313872545951965,0.018884485074805335,0.7677382608926013,0.9389705343892525,0.09753543100401985,0.09610161254125615,0.8797586390257512,0.0,0.8711223812047706,0.49617836072034066,0.02087897195053735
0.06496070119218578,0.48635508742238254,0.7056705997279885,0.7762335117425336,0.22892537096030185,0.4949944936698778,0.7775467082069555,0.18239887207775363,0.7767043524987116,0.4815009400237096,0.02087897195053735
0.0720086987541122,0.15364872040386113,0.6451715006987554,0.5972602845512048,0.9258689471317981,0.7918456142737412,0.7275856005666814,0.2894888000491347,0.7289077739317236,0.48052162447402547,0.02087897195053735
0.9601282442139414,0.8714823025161257,0.5883380463051244,0.8277441796599365,0.9576118677501048,0.596793494949639,0.08842180723335973,0.459682987361755,0.08845824471448793,0.14974043332235284,0.02087897195053735
0.4781806534223122,0.11852016193986281,0.48874663719230116,0.23680556816138865,0.9974428837051896,0.3713782437237432,0.5234522817046161,0.0,0.524899793446906,0.49645158318595,0.02087897195053735
0.4605276413277477,0.9000110135069824,0.7861593660404341,0.4586017501095897,0.7937845950099164,0.4498102572571463,0.38397572941881475,0.5915088294967756,0.38426136998282345,0.47127604319683447,0.02087897195053735
0.798621245334613,0.5910787055729696,0.8003045113973911,0.34101832684573163,0.33771410740133767,0.5908208831625712,0.2951054657727035,1.0,0.2980671572753266,0.4648195555550693,0.02087897195053735
0.9061019891981877,0.9536804992105745,0.7816011090541578,0.92625382911097,0.8874100568591786,0.8998671439161546,0.03865695187506519,1.0,0.038807078291483776,0.09759919201566633,0.02087897195053735
0.016870549412634328,0.01861533987653785,0.03126910631077917,0.978179751844331,0.9932008833660294,0.056047854689593835,0.8720311249531282,0.0,0.867264091066545,0.5402398345361549,0.02087897195053735
0.019202997820917722,0.15992927992257766,0.9665053617944726,0.6349510912391273,0.0013385002505665877,0.6837915585791148,0.8125064934136512,0.06183895213127162,0.810793243426815,0.5076274669480584,0.02087897195053735
0.04188089413512608,0.9801645345837363,0.5591132095780542,0.45208972993932584,0.9327857554656933,0.5223240844569086,0.7125931502810393,0.268103687938097,0.7081198551641137,0.4845343903658648,0.02087897195053735
0.9922978447759563,0.9696421201353689,0.8723129327907951,0.9037118687986675,0.7056201005812406,0.56824529160393,0.05989463662564559,0.9616675278080739,0.060229755100635884,0.16216620957422997,0.02087897195053735
0.4065318147571585,0.5487598773448586,0.008104090107981077,0.019974888895085252,0.060682232696600225,0.8132601831615849,0.616695087409147,0.0,0.603363625968683,0.49289214175050255,0.02087897195053735
0.6009298136392881,0.08141429910675124,0.5037334959785134,0.5966383771047986,0.6118704866612636,0.3089967318589435,0.45548455079300393,0.6023865842051286,0.4545518401562276,0.4771322568774814,0.02087897195053735
0.7384057860755051,0.575795128768957,0.010602670719521479,0.4662220736090097,0.5429549328195611,0.4912194791399559,0.3686850253387768,1.0,0.3648181493868492,0.47522127364787503,0.02087897195053735
